0.929979877982,0.672597390096,0.418836068583,apple,
0.90472618394,0.762666664961,0.577492668683,apple,
0.967599838415,0.668132533306,0.588494656648,apple,
0.766832205344,0.63405527592,0.352431283874,apple,
0.757789508348,0.676525279469,0.526098589461,apple,
0.628008442191,0.67668147698,0.590523247226,apple,
0.705793908536,0.689766267431,0.381420759745,apple,
0.665162271221,0.711954116502,0.325862602734,apple,
0.307610424197,0.822364088949,0.424980855412,apple,
0.526877081185,0.731871052675,0.352174678307,apple,
0.454675614292,0.772291988584,0.458703112118,apple,
0.50487334019,0.817825630985,0.493329182086,apple,
1.26217171911,0.639844882051,0.562035030414,apple,
1.11472145203,0.719993242562,0.633906787679,apple,
0.935494007653,0.806253913766,0.424541230614,apple,
0.963783381468,0.75623982919,0.648225093503,apple,
0.834739111735,0.796783895321,0.604907417087,apple,
0.453104903142,0.8690230662,0.324362210236,apple,
0.75958478689,0.856515438338,0.301342226717,apple,
0.741415286729,0.813096492012,0.585890186252,apple,
0.709279601083,0.721903305596,0.389402918455,apple,
0.902524363898,0.615817216347,0.71669958294,apple,
0.601960437882,0.785347787202,0.390384971952,apple,
0.385228215475,0.678252419914,0.472470730037,apple,
0.637322710269,0.730956313335,0.682805663338,apple,
1.01190272034,0.640232899565,0.426779245797,apple,
0.629074900634,0.840145522473,0.531751460961,apple,
1.48057446742,0.699457153309,0.489519051948,apple,
0.658906993807,0.791499550753,0.370166581813,apple,
0.440758706426,0.659553130978,0.362284324562,apple,
0.662017583531,0.67101373175,0.315147777292,apple,
0.624839231243,0.632853035201,0.54982114034,apple,
1.05574523316,0.652446634234,0.528681573611,apple,
0.533489324885,0.698512021582,0.430454622528,apple,
0.586491783195,0.720228218453,0.431161396797,apple,
0.466702209711,0.717417847406,0.300372353524,apple,
0.665046106197,0.720422214074,0.503612856163,apple,
0.556572581269,0.817804092909,0.29879736521,apple,
0.509573560769,0.792723812239,0.434767075141,apple,
0.920143940586,0.683440511974,0.471170084004,apple,
0.745324686647,0.814350211922,0.428177017409,apple,
0.905172165143,0.636781820772,0.637787636687,apple,
0.779611034042,0.704022916381,0.566296872477,apple,
0.67770199533,0.59865279369,0.442160805733,apple,
0.654070689573,0.668154252872,0.449330403099,apple,
0.937793501515,0.583324490607,0.607124983446,apple,
1.03396250463,0.712571906221,0.510970492718,apple,
0.763820468734,0.703255347528,0.352447070042,apple,
0.380983361842,0.753310111742,0.309811945564,apple,
0.84972140641,0.728290164544,0.595490252328,apple,
0.992429587498,0.6888150441,0.401869392164,apple,
0.510128024945,0.802768507141,0.397454617373,apple,
0.774789911886,0.763403670223,0.323546912879,apple,
0.650033437168,0.740055994941,0.593628507451,apple,
0.876992778668,0.716084334948,0.539324169273,apple,
0.976962339018,0.810944896762,0.485298197403,apple,
0.540698340862,0.613159928251,0.390092981041,apple,
0.83368759668,0.78234350495,0.673445503487,apple,
0.869659721418,0.729322297281,0.553611643367,apple,
0.696745231238,0.826475143224,0.64177285577,apple,
0.964845557891,0.761051558099,0.491079538481,apple,
0.915818016417,0.638119362439,0.561516491501,apple,
0.525293118992,0.800507473722,0.346564651177,apple,
0.561155010911,0.799320694922,0.504606256526,apple,
0.453107309435,0.748373144867,0.323862701786,apple,
0.656719238955,0.80495821147,0.513591786941,apple,
0.478481256169,0.665817761977,0.485878259001,apple,
0.542318935608,0.658919197167,0.358623318452,apple,
1.07036887147,0.679136213383,0.377584079956,apple,
0.576159757226,0.675000602092,0.552502582934,apple,
0.635275443295,0.846824596746,0.511352637532,apple,
0.748261782256,0.790556574012,0.503873483472,apple,
0.813558654952,0.83637731573,0.454165530559,apple,
1.00801957815,0.786466684358,0.596089051532,apple,
0.88108886618,0.739675718098,0.515628440469,apple,
0.974935473655,0.72526590588,0.597475850694,apple,
0.966678734803,0.786021187638,0.472956931306,apple,
1.33845321424,0.668774600597,0.52830428015,apple,
1.03305937409,0.679982673551,0.616370579677,apple,
0.674897738443,0.89885055985,0.375019121959,apple,
0.937098613712,0.834462116316,0.719792196915,apple,
1.02851088644,0.71067331553,0.582082819909,apple,
0.767578863239,0.750137360743,0.522468827636,apple,
0.454145811856,0.622877194612,0.354078865674,apple,
1.07396772993,0.811095455736,0.463603992864,apple,
1.0061348614,0.649258634354,0.705468449217,apple,
0.654831959918,0.721593702544,0.425854406361,apple,
0.969768564453,0.643790948312,0.533028371642,apple,
0.816451305357,0.77700908784,0.504445998905,apple,
0.952229341132,0.645768744577,0.609945153366,apple,
0.415273553595,0.739362946686,0.396369930727,apple,
0.599164953928,0.771885387341,0.714661044203,apple,
0.436269531331,0.662308836073,0.395775884002,apple,
0.93317513032,0.718372340306,0.495239140638,apple,
0.483086908952,0.78152910847,0.609821800223,apple,
0.508366296437,0.695062750091,0.428259821142,apple,
0.890694763441,0.696352143438,0.587791030757,apple,
0.857399793551,0.778257685962,0.503555990807,apple,
0.833034626776,0.791845872775,0.432900497437,apple,
0.565607591692,0.809482521036,0.354500866617,apple,
0.62597558404,0.212571807058,0.541090449505,banana,
0.705326328022,0.0306874997658,0.424557498471,banana,
0.774425176818,0.299371240081,0.673346948653,banana,
0.731649764453,0.316351153433,0.506792494866,banana,
0.455717934221,0.153347205405,0.469621303514,banana,
0.536640063553,0.0392464057202,0.514968917114,banana,
0.583607821458,0.277189786977,0.509251652982,banana,
0.786131714025,0.109106225807,0.992180080301,banana,
0.818237026937,0.237381243399,0.820922257255,banana,
0.582816357989,0.263525140093,0.381786528898,banana,
0.863618214498,0.143174950072,1.00714140318,banana,
0.565827618262,0.144170826324,0.116252535726,banana,
0.577453393187,0.302569994032,0.403509657797,banana,
0.469181521897,0.330346649887,0.364956602629,banana,
0.893635571105,0.152050104181,0.896688492147,banana,
0.526221299376,0.26352923223,0.368053559597,banana,
0.838171827159,0.0775522490176,1.04310856525,banana,
0.671504633481,0.0793294122881,0.766347624555,banana,
0.614698897233,0.131972097434,0.773678326885,banana,
0.830144972893,0.304721605706,0.564341838484,banana,
0.660872126412,0.195669409325,0.570465311352,banana,
0.640070272268,0.207112032155,0.598226181583,banana,
0.792865760606,0.0906058672072,0.819727331641,banana,
0.664865826728,0.216066143985,0.766085797274,banana,
0.768639803259,0.18970698973,0.526290560304,banana,
0.615734537066,0.124446447395,0.511310497015,banana,
0.721561633869,0.307643936728,0.436719733573,banana,
0.717218823323,0.114761203984,0.484820947808,banana,
0.956985416813,0.264986333781,0.906312127159,banana,
0.91506633951,0.212576948695,0.451187719986,banana,
0.821286147151,0.16780993115,0.559347239111,banana,
0.834771985475,0.109905425469,0.845276772428,banana,
0.819935884218,0.238383287493,0.751116718879,banana,
0.59012071023,0.18353477018,0.463246060425,banana,
0.826021009787,0.186315171966,0.755179783147,banana,
0.734294715402,0.203052815875,0.451185742144,banana,
0.654751601069,0.274750739114,0.728472716703,banana,
0.50204216148,0.184660466673,0.442574658687,banana,
0.258247352383,0.33421632157,0.397617651344,banana,
0.877503826175,0.108651700406,0.492355006171,banana,
0.797527547857,0.120002588627,0.421655545885,banana,
0.506644786903,0.261016495958,0.529341793504,banana,
0.480410901065,0.352282642664,0.496617952752,banana,
0.464148807151,0.185069952676,0.446384911692,banana,
0.826089311869,0.233931075786,0.969628685657,banana,
0.537398490546,0.243016144441,0.535868798277,banana,
0.993132275413,0.20742075566,0.618946899193,banana,
0.817827057324,0.253897538229,0.746311728478,banana,
0.645146785754,0.116884459311,0.569929769416,banana,
0.797797223716,0.100556101987,0.795412625885,banana,
0.543630756626,0.178528879578,0.514018266015,banana,
0.883967787878,0.177870381763,0.49319865809,banana,
0.745651445917,0.214522002444,0.831087685595,banana,
0.878121503863,0.134862032012,0.657790075933,banana,
0.734137464212,0.0500345094544,0.676009561866,banana,
0.863095059072,0.218229945871,0.802903393174,banana,
0.766527261353,0.24970924955,0.551715407111,banana,
0.741050187472,0.10247568537,0.923064555785,banana,
1.06466892225,0.195996480919,1.06771831611,banana,
0.902146744645,0.168258039578,0.455330032545,banana,
0.773241498252,0.10804649179,1.02820632084,banana,
0.745853334855,0.145451473392,0.584012349206,banana,
0.7705099004,0.0727882981966,0.563312607154,banana,
0.955701062848,0.204755842579,0.834977362727,banana,
0.66107744204,0.115828226789,0.401508357785,banana,
0.768528407199,0.112073142081,0.716889062131,banana,
0.797539777306,0.0838390131323,0.272382322055,banana,
1.02554061743,0.147980990977,0.23402822459,banana,
0.485750009821,0.210999551814,0.538518507586,banana,
0.724702487716,0.158433408882,0.72594865368,banana,
0.74963834273,0.265568907218,0.711252066283,banana,
0.764897858147,0.254006768495,0.907265344365,banana,
0.753717015886,0.270006783204,0.766438168169,banana,
0.704385332798,0.209713749703,0.990213950946,banana,
0.821514154439,0.296923704175,0.66565754201,banana,
0.493658182484,0.381943547408,0.277795859262,banana,
0.745336276193,0.273838624948,0.785585637514,banana,
0.518188766957,0.232840790596,0.534617174057,banana,
0.749857694044,0.208644957025,0.869920494391,banana,
0.868818543961,0.122352251236,1.06088388559,banana,
0.484430029965,0.173159947207,0.150627720338,banana,
0.543329534481,0.194436632498,0.382149100159,banana,
0.93638164987,0.12885009642,0.55314903301,banana,
0.736357837733,0.191416436247,0.568477146696,banana,
0.751213124827,0.278290015792,0.297700526636,banana,
0.592813283556,0.0225921369322,0.38653303174,banana,
0.722245059795,0.300452426585,0.561670298664,banana,
0.942863573378,0.192323262869,0.691897269684,banana,
0.74602342831,0.281074754637,0.808591255114,banana,
0.855966731424,0.287399768871,0.780954489586,banana,
0.583571111732,0.294728907461,0.417366880394,banana,
0.807581115966,0.0827812318714,0.842078596975,banana,
0.818423594831,0.327966468856,0.887227095463,banana,
0.896351061218,0.131898825822,0.767343314985,banana,
0.656196535065,0.257874589844,0.329763259416,banana,
0.83535420397,0.208126708822,1.10965097764,banana,
0.723815483123,0.0574201992021,0.745552997481,banana,
0.809083644312,0.196967714652,0.41099669917,banana,
0.712245112099,0.11114113248,0.292181189175,banana,
0.338651517434,0.108252320347,0.240840991761,banana,
0.658849789294,0.740900463574,0.289255306485,GrannySmith,apple
0.600510329233,0.714022614341,0.39150522375,GrannySmith,apple
0.595934129239,0.773964473123,0.34099554815,GrannySmith,apple
0.539637946007,0.709293538542,0.365390780854,GrannySmith,apple
0.464745914651,0.697210795024,0.292665897081,GrannySmith,apple
0.552936942314,0.699712259983,0.406384547876,GrannySmith,apple
0.588820992717,0.805387449472,0.509620437662,GrannySmith,apple
0.611530387632,0.766255221689,0.473181763929,GrannySmith,apple
0.632093763575,0.709006073086,0.369261807369,GrannySmith,apple
0.609268558439,0.714068561279,0.370695044773,GrannySmith,apple
0.574842690402,0.803547885567,0.439108223523,GrannySmith,apple
0.616059407393,0.707756878558,0.438154185217,GrannySmith,apple
0.567534278531,0.846877823212,0.429850605838,GrannySmith,apple
0.546779546105,0.69546885659,0.43434051079,GrannySmith,apple
0.541647380933,0.768366302251,0.415461423577,GrannySmith,apple
0.56700194525,0.808869699559,0.439706235298,GrannySmith,apple
0.57744637133,0.744839508938,0.374144634566,GrannySmith,apple
0.539693174003,0.78344854149,0.373933851835,GrannySmith,apple
0.542285041466,0.768885680843,0.389508962816,GrannySmith,apple
0.54561248573,0.773205674702,0.375179221464,GrannySmith,apple
0.532965181585,0.806056479767,0.406395657966,GrannySmith,apple
0.652629457122,0.7577309403,0.421279857078,GrannySmith,apple
0.553747921616,0.732095366981,0.40600712574,GrannySmith,apple
0.592454099791,0.713551259135,0.365793949962,GrannySmith,apple
0.57912152145,0.737427203811,0.382882029326,GrannySmith,apple
0.564521085021,0.777008952018,0.351983386825,GrannySmith,apple
0.578080729914,0.747947909825,0.484380569491,GrannySmith,apple
0.604224143534,0.828476208243,0.407959146217,GrannySmith,apple
0.535616840417,0.699851162172,0.386677773844,GrannySmith,apple
0.610717276822,0.708967950064,0.407990157257,GrannySmith,apple
0.581565260245,0.731881637046,0.407670804506,GrannySmith,apple
0.511805102616,0.761622897736,0.510253198572,GrannySmith,apple
0.554776234856,0.741732494236,0.440017703423,GrannySmith,apple
0.524545745171,0.750178609888,0.476999833633,GrannySmith,apple
0.561925217581,0.788220925104,0.373277485762,GrannySmith,apple
0.602179688301,0.804002207703,0.362872539825,GrannySmith,apple
0.54492803899,0.764243929096,0.379370243589,GrannySmith,apple
0.606891014674,0.794027913261,0.349304087008,GrannySmith,apple
0.560143307641,0.80755072171,0.412779422218,GrannySmith,apple
0.581151473333,0.729295250248,0.433741971611,GrannySmith,apple
0.588689841901,0.763826260736,0.485782551017,GrannySmith,apple
0.547860225331,0.718952546844,0.457191661126,GrannySmith,apple
0.607424656598,0.694092002456,0.383114091857,GrannySmith,apple
0.568527315146,0.728086533167,0.350427598981,GrannySmith,apple
0.53611472429,0.804008487785,0.432338164757,GrannySmith,apple
0.541927824083,0.69414082687,0.397848965664,GrannySmith,apple
0.544392375269,0.716325365094,0.337741006331,GrannySmith,apple
0.542196110258,0.717603607708,0.381981588572,GrannySmith,apple
0.594254714394,0.816260169528,0.467253949281,GrannySmith,apple
0.571847748429,0.792264068224,0.394159179232,GrannySmith,apple
0.568721930099,0.769650774277,0.339246638988,GrannySmith,apple
0.644243259429,0.855724380964,0.426642192126,GrannySmith,apple
0.545586687477,0.747838402665,0.36746076702,GrannySmith,apple
0.567224983466,0.778319684759,0.450127353966,GrannySmith,apple
0.547869940655,0.684445355309,0.391860415071,GrannySmith,apple
0.523589142572,0.710225167863,0.352756589662,GrannySmith,apple
0.568402068251,0.693855020011,0.368352771193,GrannySmith,apple
0.548088486895,0.738530939514,0.377025169755,GrannySmith,apple
0.560117889803,0.760365485529,0.342619225901,GrannySmith,apple
0.604806077881,0.789323782011,0.416180748592,GrannySmith,apple
0.565287998721,0.747111942572,0.465077281341,GrannySmith,apple
0.5550232469,0.814088547521,0.36514176248,GrannySmith,apple
0.577724808311,0.68905521423,0.3521782085,GrannySmith,apple
0.574014172376,0.754674549479,0.360135233691,GrannySmith,apple
0.573539797263,0.747856669429,0.346866543103,GrannySmith,apple
0.526764310885,0.575716433961,0.384534715294,GrannySmith,apple
0.548206510931,0.766452408718,0.354403432849,GrannySmith,apple
0.67412766618,0.77407148968,0.408983728234,GrannySmith,apple
0.604690593045,0.759722765568,0.325231988047,GrannySmith,apple
0.580757224913,0.835099206297,0.512311374178,GrannySmith,apple
0.491381004879,0.774437298214,0.414421146576,GrannySmith,apple
0.546926474629,0.748589549789,0.399435709705,GrannySmith,apple
0.555036104941,0.690174146683,0.489313234999,GrannySmith,apple
0.606673908961,0.805376765756,0.40498002386,GrannySmith,apple
0.57789002737,0.719830301808,0.353428860341,GrannySmith,apple
0.512011428425,0.761320437889,0.452544741883,GrannySmith,apple
0.560128985672,0.727367117268,0.362670413584,GrannySmith,apple
0.59133360282,0.759691496768,0.326428288819,GrannySmith,apple
0.624785757884,0.790761990914,0.429619150996,GrannySmith,apple
0.593615571865,0.716635324156,0.451697134428,GrannySmith,apple
0.602040395093,0.706794060779,0.381354724747,GrannySmith,apple
0.579682788455,0.758338008339,0.424964887481,GrannySmith,apple
0.582577346267,0.748051951494,0.373666503992,GrannySmith,apple
0.577342073847,0.769663137278,0.430560421558,GrannySmith,apple
0.609326909477,0.798491351538,0.403149927166,GrannySmith,apple
0.578605318085,0.769802836819,0.394053375292,GrannySmith,apple
0.60867248828,0.710714624565,0.414822276425,GrannySmith,apple
0.579501383663,0.703473888721,0.491127093826,GrannySmith,apple
0.610639842554,0.74002486078,0.362078702201,GrannySmith,apple
0.614413896307,0.716226922001,0.374861926186,GrannySmith,apple
0.540536474171,0.789254645241,0.39676835148,GrannySmith,apple
0.582378726713,0.71021647634,0.339909931081,GrannySmith,apple
0.562213837315,0.715874955306,0.402039028164,GrannySmith,apple
0.588841077121,0.703678296793,0.381683503938,GrannySmith,apple
0.565486533104,0.711069156593,0.443679195305,GrannySmith,apple
0.61187867631,0.77293508673,0.468014365637,GrannySmith,apple
0.583907135993,0.732640875398,0.36467725035,GrannySmith,apple
0.620794368129,0.737107854045,0.399318129931,GrannySmith,apple
0.575337859315,0.732139892404,0.420623977801,GrannySmith,apple
0.617597092075,0.715595002934,0.325399161073,GrannySmith,apple
0.512342170768,0.681232897039,0.0500178458217,lemon,
0.721224310953,0.405537944376,0.10309089562,lemon,
0.861444129804,0.482730010382,0.0531684818677,lemon,
0.697142193918,0.503319489378,0.0794923698537,lemon,
0.72882281393,0.525779985016,0.050570389809,lemon,
0.796644725876,0.315465116559,-0.00904406841345,lemon,
0.713769014264,0.486792345869,0.0159760768389,lemon,
0.697336062642,0.452815377584,-0.00939431876986,lemon,
0.866956916024,0.459116942663,0.0555637829545,lemon,
0.747821024504,0.531889141421,0.0108402614565,lemon,
0.640278657743,0.488021048231,0.0891411905761,lemon,
0.782371642071,0.43302353864,0.0768010185009,lemon,
0.826358303412,0.536967083203,-0.0208490754325,lemon,
0.72507365449,0.513730517906,0.0133222028945,lemon,
0.807373073249,0.421657005355,-0.0651403764455,lemon,
0.832009380157,0.491012678184,-0.000309382937858,lemon,
0.712543816816,0.424518141249,0.130544318806,lemon,
0.616252571347,0.433083632102,0.00805048179506,lemon,
0.791449581943,0.406150003083,0.0604044804764,lemon,
0.731717469753,0.416738762114,0.0962018660122,lemon,
0.708794262074,0.500974212967,0.108922706514,lemon,
0.838316902285,0.5469173307,0.0297988094579,lemon,
0.762211171734,0.542416741698,-0.00161503863765,lemon,
0.734996073798,0.524999916419,0.0911842184069,lemon,
0.714423495106,0.397731242059,0.0011830102488,lemon,
0.604623104421,0.515127294088,0.0888240495415,lemon,
0.791425594826,0.488752670533,0.0425479495481,lemon,
0.791570547527,0.450506019508,0.0752433718912,lemon,
0.82563984281,0.425871986939,0.0874413164266,lemon,
0.777599089092,0.446462257617,0.0670555881246,lemon,
0.772698269771,0.390545244376,0.0869582789452,lemon,
0.827184084891,0.471978793718,0.128767708477,lemon,
0.777442309666,0.539403731889,0.00186147460019,lemon,
0.885783219611,0.333603035685,0.0908849249563,lemon,
0.677779876812,0.44495179287,0.0947281730979,lemon,
0.778245348718,0.622182202176,-0.00604400859872,lemon,
0.730803374531,0.55251682583,-0.0349832498428,lemon,
0.64390928634,0.470798531771,-0.00193607118909,lemon,
0.665297291946,0.410674041217,0.0167884816602,lemon,
0.710571651195,0.456765053596,0.0885802454664,lemon,
0.788719618843,0.66820456707,0.00743069061367,lemon,
0.808787814346,0.519092261098,0.0638822883502,lemon,
0.787435675294,0.468777605453,0.102924586849,lemon,
0.899987115076,0.551361690084,0.0366502614612,lemon,
0.667090148442,0.496444195417,0.0452901020292,lemon,
0.755944042848,0.536588216838,-0.00951630499513,lemon,
0.726417451897,0.390929225857,0.0373410519544,lemon,
0.819484401739,0.55208669621,0.101973249626,lemon,
0.664185109853,0.548784846372,0.0323304276612,lemon,
0.620880973718,0.542402603255,0.109480740277,lemon,
0.721559746004,0.360334571698,0.00507256712141,lemon,
0.803641261418,0.437460435064,0.029253542249,lemon,
0.785355443602,0.554043345749,0.0731584432595,lemon,
0.706016916146,0.472099005531,0.0519034281637,lemon,
0.570873882158,0.508468118316,0.0210428514867,lemon,
0.72614705839,0.520746331086,0.0630336833803,lemon,
0.851353063886,0.486987347758,0.00902971247455,lemon,
0.785051010671,0.565110985513,-0.0181105387895,lemon,
0.717715491278,0.513197267197,0.0218054881029,lemon,
0.751047065018,0.563258267431,0.0400058885283,lemon,
0.793771510222,0.557710856439,0.135385836118,lemon,
0.747070249734,0.45945513218,0.00966463744378,lemon,
0.699515045121,0.389840799823,0.0176193618673,lemon,
0.641226910588,0.565590401592,0.0315637658783,lemon,
0.785840024443,0.447974410744,-0.0240440442226,lemon,
0.835148567318,0.489222587981,0.0211230034531,lemon,
0.668254958067,0.477351201152,0.0301474636684,lemon,
0.722623400269,0.447483445603,0.0222180956158,lemon,
0.887053501665,0.516323226015,0.0132696005176,lemon,
0.699573196632,0.432359295291,0.0490068092701,lemon,
0.704851162234,0.477219897837,0.00364238193682,lemon,
0.803330376359,0.475819301162,0.017457096653,lemon,
0.797980219357,0.381539416265,0.0247781844913,lemon,
0.745487229623,0.530074800739,0.0617151834053,lemon,
0.73553863832,0.489887614838,0.08463308546,lemon,
0.751156634153,0.524105758718,0.0614717687092,lemon,
0.778570103127,0.574843133965,0.108621449375,lemon,
0.807185113624,0.591952470913,0.0951422590488,lemon,
0.841950524632,0.24394676148,0.0807098152535,lemon,
0.903261924943,0.520524010798,0.0631156035532,lemon,
0.583964467405,0.445818166599,0.0758953539384,lemon,
0.766654762625,0.58967320629,0.0772686981428,lemon,
0.743289798553,0.590294648971,0.0242494694962,lemon,
0.763211601767,0.502673967997,0.0396809897462,lemon,
0.827165374401,0.550076496395,0.0296176481438,lemon,
0.751861172656,0.546203783354,0.0102995032412,lemon,
0.748604890578,0.481034471725,0.08008566075,lemon,
0.834720919798,0.550892676202,0.0433215471754,lemon,
0.790698534814,0.466375384686,0.105209785122,lemon,
0.763845909314,0.665842576487,0.0145329743861,lemon,
0.771235609512,0.659802291671,-0.0277853815325,lemon,
0.774248475556,0.514599348885,0.0310644191735,lemon,
0.829821927891,0.607146878094,-0.00880135304087,lemon,
0.930811203116,0.587724564876,0.023362868237,lemon,
0.723528523478,0.429862875133,0.00668492140652,lemon,
0.816268165304,0.445800234299,0.0597498729363,lemon,
0.618896464158,0.48539673134,0.0507980032753,lemon,
0.732016367208,0.586026602379,0.103257988092,lemon,
0.720963785702,0.480067640157,0.0660945612619,lemon,
0.790371478044,0.440685624048,0.057156220418,lemon,
0.810850598088,0.899608456695,0.580241343976,orange,
0.804904250417,0.862101541934,0.593059398075,orange,
0.804084946814,0.957724218372,0.632821318191,orange,
0.835128100835,0.932413416965,0.645320642883,orange,
0.919742570305,0.943593937483,0.539431329567,orange,
0.782825207481,1.03474289294,0.610711295601,orange,
0.803281223572,0.903771264527,0.606643573895,orange,
0.77360518497,0.9184779024,0.636023664095,orange,
0.878415245515,0.976084634745,0.606803307142,orange,
0.803331655257,1.00605653551,0.671052127884,orange,
0.826962005192,1.00967697744,0.579118581023,orange,
0.860530877012,0.924461460599,0.550265747806,orange,
0.704049874707,1.00769906807,0.733779325522,orange,
0.850751556857,1.01389461923,0.575926092433,orange,
0.820430752948,0.988642920726,0.643036486578,orange,
0.880292050541,0.864115481518,0.654208629591,orange,
0.809049665926,1.01934202222,0.636132483155,orange,
0.887906513108,0.927126482493,0.554711835652,orange,
0.929819898927,1.03915791895,0.62209461787,orange,
0.886796238558,1.05702588827,0.697448700509,orange,
0.830808235218,0.902936459544,0.689269555213,orange,
0.825186723094,0.920532746045,0.641058590168,orange,
0.816532334942,0.983837331896,0.658028841013,orange,
0.717956274594,0.945234464055,0.679326189388,orange,
0.899320721522,1.00167274947,0.528740633566,orange,
0.726698515254,0.794387301911,0.667284990342,orange,
0.806962259236,1.03896676585,0.606566648855,orange,
0.881876617826,0.977251531079,0.748977595822,orange,
0.939916864074,1.0118594571,0.664088636394,orange,
0.93961233914,0.919432476933,0.599265422552,orange,
0.882942645241,0.965344270619,0.493484570837,orange,
0.997522744543,0.927525263219,0.568260716506,orange,
0.904653026668,1.06119274466,0.691013319266,orange,
0.88763660013,1.00878080247,0.593747959708,orange,
0.721288883703,1.01013988054,0.680333162971,orange,
0.916306618535,0.994405230171,0.602703519664,orange,
0.880835175055,0.992701990271,0.511625123875,orange,
0.761556164215,1.04607641367,0.584369098647,orange,
0.876979260093,1.00274830849,0.667463695221,orange,
0.801554254899,0.99330031839,0.641662481181,orange,
0.837399488715,0.972883836568,0.612797279153,orange,
0.838280466707,0.936302494116,0.653910457229,orange,
0.897317717271,0.99125042221,0.697088092882,orange,
0.815030368906,0.933673979496,0.652883761512,orange,
0.878195346726,0.84880670375,0.66418374256,orange,
0.840476283558,0.985762525426,0.642945295733,orange,
0.834339669613,0.896756680793,0.670481939277,orange,
0.862934999464,0.925331818571,0.777552103743,orange,
0.913639405791,0.873617948378,0.718477423784,orange,
0.769475096252,0.959284175224,0.640265930867,orange,
0.847771375454,1.05496024732,0.631598802678,orange,
0.848512255409,0.977146881953,0.761139640331,orange,
0.874149578055,0.874594138171,0.654717152566,orange,
0.888770981199,0.846634277305,0.589486509794,orange,
0.853888123119,1.03442109856,0.600264824661,orange,
0.833299864618,0.864958594874,0.765724003908,orange,
0.79360772438,1.00249114356,0.684209815168,orange,
0.907096362497,0.923475198122,0.635956216779,orange,
0.852940988364,1.04499896782,0.634522811625,orange,
0.734449940514,0.957380038271,0.539297235995,orange,
0.802588731455,0.914905777232,0.733587581794,orange,
0.810644126477,1.03468598075,0.609808762453,orange,
0.858145747505,0.9106837659,0.652525949624,orange,
0.904210739006,1.02420272622,0.611699038367,orange,
0.940155727611,0.880910389154,0.586997059489,orange,
0.89135152958,0.919948894142,0.529107893928,orange,
0.899360975614,0.969677978626,0.769019316964,orange,
0.895234248236,0.946741255012,0.674123848642,orange,
0.855685664151,0.917982778054,0.579712065605,orange,
0.806147649962,0.925436991519,0.601670151567,orange,
0.787860867811,0.928047457437,0.607036382427,orange,
0.864492719441,1.02937234674,0.705932929618,orange,
0.921126965932,1.0050813505,0.584262611797,orange,
0.845676361388,0.908240954531,0.685102883461,orange,
0.855451594624,0.905100945361,0.612286787155,orange,
0.894595798583,0.94348298786,0.691272918757,orange,
0.988311459563,0.908410134052,0.640895038688,orange,
0.83302941514,0.979214978571,0.705315592174,orange,
0.897414087812,1.04297472165,0.615611552151,orange,
1.0283660653,0.898863491327,0.738326475943,orange,
0.803752831718,0.915720297905,0.667282404738,orange,
0.911322052265,0.983422586695,0.652612139363,orange,
0.801907451566,0.901530993579,0.608683142447,orange,
0.860481676784,1.05621594734,0.600128172199,orange,
0.780569204309,0.962920108032,0.521903793079,orange,
0.788903070022,0.923567815767,0.601470921802,orange,
0.869864718768,0.973082318627,0.624723890535,orange,
0.914337852331,0.942607700439,0.623424836113,orange,
0.733131011985,0.941687921895,0.63398315766,orange,
0.810940431095,0.945030369809,0.669513078088,orange,
0.867892034896,0.856627615724,0.572704978568,orange,
0.805219819535,0.934223443566,0.61523671748,orange,
0.902323195027,0.925657622184,0.579372712987,orange,
0.854965066086,1.02579154039,0.68891581842,orange,
0.870000095514,0.962912944952,0.745012394438,orange,
0.818192785735,0.988104805927,0.734589057424,orange,
0.854888579178,1.00823070951,0.618138193755,orange,
0.824020106722,0.969027557036,0.614504221214,orange,
0.871228237842,0.870700528328,0.645810087285,orange,
1.0353002587,0.950548878334,0.706391190044,orange,
0.564830368075,0.562643946414,0.422677895724,pear,
0.558798538651,0.580844391266,0.345163727226,pear,
0.491437812768,0.370085235363,0.45819207757,pear,
0.821850178867,0.620263973248,0.363271489544,pear,
0.743488942544,0.499267702616,0.340126548604,pear,
0.560222781671,0.56301429579,0.3990714224,pear,
0.730846665285,0.543122968739,0.413935883907,pear,
0.623441162265,0.577239679486,0.374363042574,pear,
0.649822762973,0.461731104226,0.344638451546,pear,
0.634267781489,0.635906891619,0.362392803745,pear,
0.640439575849,0.551523213868,0.450235494077,pear,
0.616378577837,0.391081273853,0.39216155098,pear,
0.641179951786,0.406734930146,0.329068604247,pear,
0.505994723044,0.505971302445,0.430275360786,pear,
0.630403443909,0.382656584437,0.347900205173,pear,
0.797131908343,0.606193970165,0.404073964444,pear,
0.556898059779,0.579370744172,0.209150887113,pear,
0.909566427992,0.460030687029,0.327823330198,pear,
0.756248324653,0.540023702764,0.416303992714,pear,
0.490892260363,0.558341753839,0.353657747057,pear,
0.675982576744,0.45481275968,0.422141906652,pear,
0.57604810317,0.526879601633,0.321277363187,pear,
0.458043249383,0.364062505289,0.339349154936,pear,
0.64628811567,0.628914354724,0.429476777418,pear,
0.641455803683,0.404520069566,0.426192955183,pear,
0.563937823527,0.431393546046,0.529305431489,pear,
0.567028204278,0.450542181572,0.395265972356,pear,
0.769346528445,0.472615935194,0.492375074232,pear,
0.487310995604,0.581165383674,0.388058502096,pear,
0.439071027999,0.438399049006,0.498776909868,pear,
1.071695611,0.512999569299,0.478396037917,pear,
0.724922413327,0.456857708488,0.364046417814,pear,
0.56500116961,0.495072492102,0.476464214745,pear,
0.536945197032,0.380038877673,0.278367269939,pear,
0.606103591765,0.516591980875,0.405952256319,pear,
0.612799757964,0.636745785415,0.364842948705,pear,
0.599514589334,0.515988539916,0.371839193224,pear,
0.614094076192,0.505121643568,0.32315116562,pear,
0.674924841375,0.613537202619,0.28461973941,pear,
0.545115469249,0.668715799948,0.375323307756,pear,
0.588496507451,0.379081519119,0.398745949914,pear,
0.724733538925,0.479903689079,0.426983969523,pear,
0.373260536578,0.441133587067,0.482238611304,pear,
0.692868040811,0.513305228234,0.37334887882,pear,
0.5883214165,0.458182466764,0.349083672453,pear,
0.616974804793,0.598359481722,0.284431310144,pear,
0.478166253683,0.4182583976,0.333358709213,pear,
0.716071044439,0.394259844482,0.354393059609,pear,
0.725685104511,0.590991722743,0.338671778073,pear,
0.720580544903,0.569366872016,0.410090938055,pear,
0.587769396101,0.515158911161,0.38224883263,pear,
0.400134906347,0.561286696811,0.353439774196,pear,
0.655298942243,0.493650382708,0.447485127616,pear,
0.51258022675,0.506110550109,0.404849165357,pear,
0.726471862016,0.534138571486,0.440301706026,pear,
0.536358729859,0.553607094567,0.344532590253,pear,
0.676488742577,0.599741944445,0.446788801826,pear,
0.559989036559,0.416751116216,0.45034754972,pear,
0.515612579285,0.442639437305,0.187344479698,pear,
0.532867266805,0.465750250788,0.339694701336,pear,
0.522109722969,0.483835477307,0.432760899135,pear,
0.730236952194,0.444327819082,0.377661518861,pear,
0.539463363812,0.492104223959,0.372353216688,pear,
0.534184118469,0.366165152632,0.178570796388,pear,
0.726157765973,0.428401844671,0.434678004153,pear,
0.64624767618,0.448960367755,0.433038291975,pear,
0.50881334695,0.554527561015,0.534246881429,pear,
0.573695298222,0.589152101081,0.451525510554,pear,
0.671842534504,0.409167547025,0.39685783129,pear,
0.594328920808,0.62142278401,0.424709884627,pear,
0.622806600139,0.407741319067,0.263182078571,pear,
0.57095057738,0.367245709528,0.365466182771,pear,
0.611982835941,0.432546822015,0.450640956327,pear,
0.68941233111,0.518235621828,0.382766953831,pear,
0.494209898414,0.516313681164,0.375458999836,pear,
0.601483639665,0.444712466538,0.356295119678,pear,
0.748625323623,0.347633717,0.429510685955,pear,
0.711964882022,0.594634416134,0.398157511635,pear,
0.601289659539,0.395014726095,0.398116068772,pear,
1.09455888346,0.580555375398,0.381902153636,pear,
0.682529467209,0.52557449815,0.378209989045,pear,
0.685468596646,0.559625672046,0.396509022009,pear,
0.69891603511,0.643091650909,0.447573116723,pear,
0.666419090187,0.612747052796,0.398099481743,pear,
0.695058996111,0.597724668367,0.451612674309,pear,
0.906451355799,0.486150519793,0.40692759549,pear,
0.460353776863,0.503723146746,0.391865024378,pear,
0.728441870152,0.505264434621,0.411481612314,pear,
0.553960858401,0.521397537765,0.432030101109,pear,
0.583528338696,0.390784117574,0.401481314389,pear,
0.54200555629,0.301275099668,0.516112097243,pear,
0.833000400937,0.484365397817,0.342112232848,pear,
0.405317710245,0.375448900037,0.388092412002,pear,
0.458084064941,0.601128041652,0.378524583496,pear,
0.594153878921,0.575515850528,0.426797654203,pear,
0.542195633,0.700737551567,0.397485736111,pear,
0.667967244865,0.451749656665,0.329326874608,pear,
0.713567362406,0.415772999861,0.444662108162,pear,
0.472253666371,0.552948031763,0.302768640848,pear,
0.444628610449,0.44304359182,0.401408319318,pear,
0.289304181243,-1.2638506115,-1.1482450807,blue,
0.286648656058,-1.37547299962,1.89535916926,blue,
0.224589738751,0.486028661373,1.09599028162,blue,
0.221189873053,-0.379082346521,-1.48937664556,blue,
0.257513027577,-1.81129514668,-1.17727904106,blue,
0.288765249252,-0.228108642241,-0.116765369166,blue,
0.220962161796,-1.89356047875,1.32799877451,blue,
0.204353582342,1.1316015239,-1.59723504621,blue,
0.308023846246,-0.570731548706,-1.49269096244,blue,
0.298822529775,-1.31573216869,-0.543017715956,blue,
0.30942551494,0.362195646775,-0.774537303667,blue,
0.206876919226,-1.00781822642,1.22375042453,blue,
0.303986722463,0.489124252186,0.21823637114,blue,
0.238586136582,0.870659061816,-0.201488311264,blue,
0.17651495882,1.06452255735,1.9351037495,blue,
0.274464123207,1.72452919927,1.64605604548,blue,
0.287982640954,-1.05522430051,-1.40400331908,blue,
0.179082387356,1.10429983884,-0.185937216204,blue,
0.280436584833,-0.0463667276879,-0.990194120289,blue,
0.347107740731,1.68619947158,0.00182016280018,blue,
0.263809563593,1.62620851208,1.24400523119,blue,
0.240022625635,-1.63998241311,0.903720484947,blue,
0.209189561521,-1.84844285938,-1.8323850281,blue,
0.247867051488,1.57576981496,-1.95950952001,blue,
0.187315883275,0.170136155516,-0.282909374281,blue,
0.177413512495,-1.2952168804,0.620257202927,blue,
0.235018434719,-1.90606519079,-1.07551604981,blue,
0.229766706659,0.555172479911,1.01749605341,blue,
0.146889293725,0.816429192048,-1.48075395601,blue,
0.25871269621,-0.303358978517,1.94590481228,blue,
0.327818136528,-1.70121024577,0.223073406933,blue,
0.160444011389,1.4056804828,-0.0326114041011,blue,
0.269907441977,0.760742184616,-0.776607555292,blue,
0.280171056103,-1.32772352376,-1.69800045698,blue,
0.18603886005,-0.832406797681,-1.17621392726,blue,
0.292573533004,1.19804181057,1.01831533596,blue,
0.238468509591,0.979245418911,-0.899860267839,blue,
0.18075194271,1.22342113523,-1.5878035438,blue,
0.267164856824,-1.22437956669,0.919052929569,blue,
0.289614903113,1.10380970618,1.37389862734,blue,
0.202488647706,-1.20253260748,-0.227730674721,blue,
0.199911207641,1.83352148448,-0.389062508302,blue,
0.238358527688,-1.88956078427,-0.824380567751,blue,
0.262423561972,0.13990451324,0.710372336308,blue,
0.284664469855,-1.11506726371,1.73958209125,blue,
0.212250367603,-0.0959270258205,1.83842666311,blue,
0.267181192895,0.181529415516,-1.49080002988,blue,
0.265849349803,-1.77321156975,1.51583885972,blue,
0.336178631775,1.64995232253,1.07195300394,blue,
0.20080319718,-0.16185652483,-0.0817293578677,blue,
0.236655282287,-1.05447604565,0.9210835681,blue,
0.251699031986,0.759651160413,-1.87492581927,blue,
0.252156648038,-1.10266990254,-1.21566690736,blue,
0.18005017621,-0.530906220905,-1.91490183348,blue,
0.298655115027,0.448222199602,-0.923090405037,blue,
0.265880870392,1.55177188838,-0.495849221772,blue,
0.222120305092,1.70180830617,1.61425588824,blue,
0.319225733794,0.5094294196,0.761564505375,blue,
0.24550713165,1.24977044233,-0.563451207151,blue,
0.181151035214,-0.458640718585,1.89229864875,blue,
0.243355275979,0.703751013293,1.96538410118,blue,
0.160154349541,-0.00263435807421,0.353579857009,blue,
0.29200203361,-1.37800115347,-1.01759414365,blue,
0.209457563034,1.04465621959,-1.237123759,blue,
0.310128249797,1.37125704863,1.59537266395,blue,
0.311005650906,-0.392730046053,-0.750008459535,blue,
0.175211276398,-0.839518291307,-1.92474618985,blue,
0.266071513736,1.75647778727,0.572081666957,blue,
0.215616217984,0.608412729452,1.90859204828,blue,
0.144351411007,0.619170313181,0.74653971019,blue,
0.250169594088,-1.4278164003,-1.40251866537,blue,
0.249282803303,0.387102079329,-1.84160722589,blue,
0.318403534825,-1.37160509946,-1.5937937195,blue,
0.228791263069,-0.55269527843,1.5583984239,blue,
0.199181819164,0.068983193195,0.0702560669322,blue,
0.271868725741,-0.162141261404,-0.638302106883,blue,
0.291597333287,0.413332613499,-1.17725022702,blue,
0.209946276492,-1.37612928084,-0.0608921161205,blue,
0.317080789528,-1.60448821839,0.522256796863,blue,
0.270895083944,0.675094361772,-0.7420270455,blue,
0.263833428232,0.340320961382,-0.217757506424,blue,
0.26377801661,0.955273254497,1.90855126629,blue,
0.310124612971,-1.64889551969,-1.16672164397,blue,
0.27259517051,-0.771373149159,-0.421344944048,blue,
0.29347394247,0.136825172605,0.13943912121,blue,
0.298909488394,-1.53617842349,-0.890013918924,blue,
0.259183027614,0.602896862385,-0.800384865281,blue,
0.207697328404,-1.4800354024,-1.99867075134,blue,
0.236835583714,1.9781948442,-1.11430625475,blue,
0.201774521863,1.14418455312,-1.600419719,blue,
0.215085181122,1.5810320456,-0.334953249209,blue,
0.205971318757,0.859758445818,-0.554180752942,blue,
0.296269768129,-1.37571898967,-1.75026835004,blue,
0.271643728755,1.01607778137,0.262420016968,blue,
0.199802949828,-1.60763424384,1.77684733079,blue,
0.196587696186,-0.223946175749,1.74493619319,blue,
0.165402682407,1.64590482366,1.65518632119,blue,
0.178255842913,-1.12483561791,1.48251892696,blue,
0.253999621065,-0.792871974593,1.53910236406,blue,
0.289369829801,-1.11935921967,0.298313183063,blue,
0.550499075486,0.593572714005,-1.05063652587,green,
0.530175648754,0.995956171485,0.372496822147,green,
0.513775627108,1.07899634404,-0.093501714651,green,
0.451296558711,0.70656628113,1.15375072296,green,
0.507107741832,1.76165990819,-1.22958808641,green,
0.554847164989,0.879521009242,-0.510631730349,green,
0.550485773126,1.7378242857,-1.78281228325,green,
0.428826740772,0.944303665103,-1.0785250933,green,
0.463779415132,-0.373306229437,-0.641834492866,green,
0.466766354866,-1.68067272504,0.367428566494,green,
0.474020867965,-0.749376978399,-0.241511631638,green,
0.581691634294,1.56265713865,0.17832475259,green,
0.397455534709,-0.326200548457,1.8398248659,green,
0.511276997985,1.93499733419,1.81344938816,green,
0.499101289446,-0.71997984138,-0.799640056638,green,
0.500169729926,-0.185536559289,-1.47553710102,green,
0.476998613511,-1.95808095909,-0.431551156454,green,
0.458412404872,-0.644647978335,-1.8217884475,green,
0.560987313764,-1.65876412759,0.105585950978,green,
0.506445402714,0.14503437017,1.5698137399,green,
0.523290970209,1.54143527563,1.67816375082,green,
0.475087703454,-0.529765668073,-1.2267819764,green,
0.479747687808,-1.04777260098,1.91468282777,green,
0.486197088285,-1.4391926081,0.523905613923,green,
0.522891366902,0.638602464602,-0.587264726333,green,
0.606516188526,1.58091531321,0.824808050934,green,
0.494839189491,-0.344981316527,-0.729223360447,green,
0.497645349284,1.61608529984,0.294182706772,green,
0.439577649514,-1.75673555998,-1.84360745313,green,
0.426426088599,0.42276308675,0.105225425916,green,
0.387405899498,-0.65642788044,0.479109796782,green,
0.491833217463,-1.23906798908,-1.27501665476,green,
0.398390791537,1.33857130726,-1.70075401249,green,
0.517154488125,1.3365896751,0.772459989055,green,
0.523340721719,0.170760806696,-0.879673447593,green,
0.510340865067,-0.463924764131,1.89363916682,green,
0.434458418599,1.86727416243,0.824681033463,green,
0.473461708913,-0.985557007582,-1.79172884059,green,
0.435234310161,0.360293935506,-1.17612150642,green,
0.518595683337,0.861545883182,-1.76073115533,green,
0.509941397059,1.61048738712,-1.51212282102,green,
0.475638213886,1.26448021396,-0.109734623563,green,
0.500875306099,-1.90311455331,0.27655704793,green,
0.508217514124,-1.35254298299,-0.591543954433,green,
0.487396717634,0.10394776231,0.841425297629,green,
0.538720394336,0.807033209565,-0.480306892566,green,
0.5213722221,0.377996300808,-0.933996498902,green,
0.551766535043,1.38095867133,1.51762008039,green,
0.523573725624,1.53591655232,-1.96710553382,green,
0.489176566695,-1.96040586168,-1.40051762875,green,
0.430354885193,1.04888340773,1.12793216403,green,
0.451239636772,-0.714226031897,-1.13873865868,green,
0.476367226277,-0.786853024421,0.804250232246,green,
0.586111032006,0.303481543949,-1.49959767472,green,
0.439208724288,-1.47166987668,0.690132007722,green,
0.570984783837,-0.206778964707,-1.27981046545,green,
0.522277443532,-0.0754112705452,-1.79447599107,green,
0.456618555266,-0.888319885686,1.51074674032,green,
0.525759938403,-1.35555117086,-0.281844535474,green,
0.554185356228,0.954613614881,1.58880976559,green,
0.484056803383,-0.0804530990317,-1.99293506467,green,
0.477015355369,0.078909775474,-1.50827739586,green,
0.462564001874,-0.224375932718,-0.844308770937,green,
0.528462452118,0.897146657775,0.647523104218,green,
0.494154306571,0.190446469395,0.251899727374,green,
0.474669325939,-0.43627090198,0.0909217430183,green,
0.512547564733,-0.425260585513,0.509565305566,green,
0.481808825129,-1.44146312563,1.72171162645,green,
0.427509600124,-1.80138810136,-1.21387433318,green,
0.546447915557,1.38485543112,0.404548786119,green,
0.462470478842,-0.383352187112,1.90276902175,green,
0.449959012932,1.79288500969,0.719157619708,green,
0.549123356665,0.316484934964,-0.516999706543,green,
0.538796707487,1.3841423927,-1.93019515742,green,
0.516894717544,-1.66973496343,-1.95127883139,green,
0.485079425881,1.6751020087,-0.915521358212,green,
0.45448845798,1.61284679496,-0.51380491616,green,
0.495905886409,0.670209080406,1.99885938681,green,
0.518718299514,0.00841471085079,-0.754482590732,green,
0.552730418024,-1.0655194647,-1.72232455424,green,
0.476266988253,1.66990676711,-1.61448742084,green,
0.468541760238,-0.314092025243,-1.09639375485,green,
0.453562757682,0.124386364944,1.10645209989,green,
0.460244585088,0.197059246816,-1.41945778773,green,
0.441058428673,1.5789167532,-0.0864983417933,green,
0.474745620961,0.160301541133,1.58719777766,green,
0.458176762251,1.08695946377,1.2367035802,green,
0.458597067916,1.78450162044,0.539503771956,green,
0.464203685875,0.714824167852,-0.335824153337,green,
0.577436652037,1.87766102356,0.732683455774,green,
0.560900766175,-1.94987837679,-0.429141989304,green,
0.495494542855,0.938923998536,-0.280886158946,green,
0.465378720931,1.75747041485,1.43667059424,green,
0.490864111135,-1.61207468114,1.86169425977,green,
0.369270646585,-0.491861414933,-1.68169355747,green,
0.343512705579,1.04044699568,-1.80043155192,green,
0.476958018051,-0.259122576211,-1.98052664379,green,
0.460909115404,0.947680372163,1.08597253968,green,
0.544679372955,1.51802597327,1.31500957024,green,
0.449124487326,-1.35682087731,-0.628622885744,green,
-0.533535937741,-1.44752781876,-0.128588518915,nonSweet,
-0.591285562319,-0.304824978514,0.144421572621,nonSweet,
-0.986982935636,-1.21235309843,0.115900736501,nonSweet,
-0.249567160485,1.26214999564,0.161436945858,nonSweet,
0.539560198625,-1.40990335718,0.252085699027,nonSweet,
1.6024504729,0.145879332187,-0.00221803509038,nonSweet,
-0.0727193144587,0.123994191002,0.0686762560532,nonSweet,
-1.48181399712,1.47897416782,0.297764639807,nonSweet,
0.301719324769,1.10714595783,0.0775343691018,nonSweet,
-1.09496318095,-1.48481118924,-0.0437955073577,nonSweet,
-1.95605065927,0.65604096489,0.140337853848,nonSweet,
0.634726954694,0.152311299609,0.198339045072,nonSweet,
0.96635604985,0.409864026481,0.151764066686,nonSweet,
-0.529004427421,0.158272319356,0.228895714271,nonSweet,
-1.07682658585,0.889709971318,0.0277542693393,nonSweet,
-0.187461583775,-0.203937654619,0.101157370576,nonSweet,
0.859782956408,0.78225846616,0.222768620122,nonSweet,
0.845597212286,1.23596096304,0.0065452591175,nonSweet,
0.0805025193573,0.332998083991,0.187843581439,nonSweet,
-1.43881282032,1.42823774074,-0.209930920702,nonSweet,
-0.526859961304,1.20332422404,-0.196770041174,nonSweet,
1.52728928795,0.0207755488519,0.0286727867704,nonSweet,
0.55734989048,0.507808841315,-0.0225565584462,nonSweet,
-0.175431472463,-0.706986935625,-0.128107359038,nonSweet,
-0.0139901011256,1.97823772131,0.193200850189,nonSweet,
-0.0744971608747,-0.325074282855,0.191654658164,nonSweet,
-1.36076421749,0.0117960844028,0.146336473034,nonSweet,
-0.480985701389,1.09281133771,0.230225003579,nonSweet,
-0.714834902499,1.35237839714,0.142425895308,nonSweet,
0.728086337891,1.44446224952,0.172286262012,nonSweet,
-0.461995644969,-0.57458254383,0.0754202211643,nonSweet,
-0.653005819295,-0.705647398584,0.220330418999,nonSweet,
-1.47047668932,1.96266642845,0.157307705221,nonSweet,
-1.24071155078,-0.808895130728,0.0617478440606,nonSweet,
0.166759020269,1.29151170952,0.0651828539304,nonSweet,
-1.16909252876,1.31409383734,0.320738957202,nonSweet,
0.0952521266375,1.20138420425,0.0716789292044,nonSweet,
1.910669929,-1.22748098937,0.109670663513,nonSweet,
1.73229759658,1.46103614112,-0.0275319714896,nonSweet,
1.58692474025,-1.6360288266,-0.214602658976,nonSweet,
-1.75584904385,0.572889743452,0.246436242827,nonSweet,
1.20249264335,1.36591206054,0.186299335682,nonSweet,
0.34010725448,-0.132476155674,0.193995564712,nonSweet,
0.774627523671,-1.86859236966,0.0438245054937,nonSweet,
1.1921129441,0.225143119651,0.117867193941,nonSweet,
-1.32066871988,-0.519998289952,0.139642759571,nonSweet,
-1.1304871513,-0.619510502656,0.0977832409268,nonSweet,
1.32194380522,-0.834869991348,-0.00418666857135,nonSweet,
-1.74307946027,1.19357157482,0.116992470035,nonSweet,
1.60069587486,0.308997522555,0.073679972858,nonSweet,
0.329231175943,-1.79726801535,-0.078798880101,nonSweet,
-0.374364764279,-0.849849458652,0.0585804541188,nonSweet,
0.963588805556,-0.0819128561096,-0.0716898755234,nonSweet,
-0.520679813778,-1.31606685533,0.0143745592693,nonSweet,
0.892543434647,-1.31024207322,0.204770550326,nonSweet,
1.20412988863,1.84317289283,0.262821595505,nonSweet,
-0.626360073566,-0.537061295276,0.0625419847372,nonSweet,
-0.984356213921,0.107181051576,0.103987342548,nonSweet,
-1.22287140298,-0.0488491164719,0.200787747129,nonSweet,
-1.45197609745,0.767553989104,0.261666155891,nonSweet,
0.881768851248,0.228455868997,0.297162601511,nonSweet,
0.0390005726336,0.180450339587,0.134941777972,nonSweet,
-1.81648665503,-0.0838323980315,0.0207537038583,nonSweet,
1.68643209419,1.9069181282,-0.117412776447,nonSweet,
-1.438442529,-0.778424698109,0.365805348575,nonSweet,
-1.02278853431,-0.0397231342725,0.0577070999009,nonSweet,
-1.87920902273,-0.252640265476,0.0865439381067,nonSweet,
0.113034955724,0.324529842902,0.153674462717,nonSweet,
-1.65839778297,0.228634828852,0.178935745698,nonSweet,
1.12210990508,-1.50596604015,-0.0711864772692,nonSweet,
-1.09401251125,-0.151712700715,0.0700196088329,nonSweet,
1.1417063275,1.28104644552,0.196486024392,nonSweet,
-1.41388157873,1.68820017672,0.151443316277,nonSweet,
1.62401791241,0.225606217908,0.258514909143,nonSweet,
-1.4925774222,0.034281396398,0.127845322063,nonSweet,
-1.26227524598,0.136114414326,-0.0263568005484,nonSweet,
1.69340348631,-1.42060922089,0.156615871214,nonSweet,
-1.91750028509,0.122274834566,0.105451890723,nonSweet,
-0.439943877224,1.12519471458,0.118176570092,nonSweet,
0.226270635838,-0.361037975005,-0.0736956721372,nonSweet,
-1.58347236527,0.341317753274,0.205854193365,nonSweet,
-1.36623982089,0.453305693115,0.0877338881329,nonSweet,
-0.331251288875,-1.62318840044,0.342900469368,nonSweet,
-0.690407422662,-0.530408722716,0.229847309317,nonSweet,
-0.412002404471,-1.45686673163,0.0984814212702,nonSweet,
1.33863700781,1.20758380925,-0.0193008151406,nonSweet,
-1.84482321727,-1.77909602687,0.163187841098,nonSweet,
1.47058455609,-0.600101464648,0.186993298273,nonSweet,
0.841186329667,0.120961334982,0.219575559424,nonSweet,
1.64949781421,-0.145416378206,-0.043147154633,nonSweet,
0.955178281804,1.87902745881,0.129276486307,nonSweet,
-0.654585331027,-1.31965563564,0.218005459956,nonSweet,
0.0791008850584,1.72147498536,0.00629876689043,nonSweet,
0.166987685873,1.31503747891,0.185673926166,nonSweet,
1.20384288393,0.550130089802,0.147971347636,nonSweet,
1.32213444275,0.297258985857,0.154812702425,nonSweet,
0.0479947450554,0.215856285544,0.0296960697114,nonSweet,
1.52618800078,0.765023985823,0.308320054349,nonSweet,
-0.102619689033,0.607311666402,0.282979078681,nonSweet,
1.02930961509,0.331216547979,0.311358473698,nonSweet,
0.904534495384,-0.216768538811,0.160660279397,red,
0.997004941146,0.756598268758,0.276109780333,red,
0.84377422289,1.38707257733,-0.718735269183,red,
0.896675803032,1.29794276637,0.882606066522,red,
0.977048966207,-0.0714979667037,-0.229008896376,red,
0.940513500921,-0.301124499277,-1.89413401295,red,
0.91048902623,1.8080687656,-1.90444022963,red,
0.931671586613,-1.95667556482,0.281856476616,red,
0.931492360014,0.656071526649,-1.86212815093,red,
0.940796315741,-0.404807831439,-0.319390460384,red,
1.0269880543,0.61641247125,-0.00322084846107,red,
0.963517659712,0.284654401949,1.41415214817,red,
0.943065380205,0.448757648927,-0.260387569724,red,
0.943481130948,0.626701624659,0.43538790574,red,
0.979098605243,1.36642366796,-1.51790106001,red,
0.918875208692,-1.59263430081,0.00794096849124,red,
0.903867094535,-1.51051774025,-0.11252731571,red,
0.959382818334,1.28572235742,1.46040554505,red,
0.902608683674,-1.3779634919,1.87580775043,red,
0.953418194556,-1.8123435868,0.68809519678,red,
0.923496083019,1.96071979194,-0.135437758806,red,
0.981119166784,1.32598016248,-0.665373686698,red,
0.977070249553,-1.0932096785,1.97252788381,red,
0.901005308031,-0.958636513614,-1.53972390454,red,
1.00306536737,-0.436121349726,1.40982630944,red,
0.897479993394,-1.80488880336,1.10112277796,red,
0.911605344732,0.11896973434,-0.54759841425,red,
0.888983798624,0.158295042772,-0.996381375618,red,
0.949980358762,0.646803031743,0.365484015484,red,
0.98831796559,-1.78888494645,1.11987889017,red,
0.956422888895,0.968636915186,-0.839388778705,red,
0.92373097108,1.41111623538,0.892085705804,red,
0.906690786558,1.35001427651,1.769392841,red,
1.00019072542,-1.13058209663,1.25098005668,red,
0.95118916862,-0.393916412491,-0.442536753593,red,
0.908729667337,0.625353858275,1.51568867794,red,
0.991040362946,-1.93986826947,-1.78140681401,red,
0.986720192447,-1.59858017355,-0.535898263204,red,
1.05861700062,0.530808170997,1.1532468151,red,
0.913809640585,-0.686656087491,0.405133834413,red,
1.0112373966,1.47175471958,0.334589470359,red,
0.917696645495,0.0265787266812,-0.815622695124,red,
0.993182824621,-1.00372672194,-0.916364414467,red,
0.964363132109,-0.330363865746,1.19325201088,red,
0.972308765855,-1.99233590684,-1.64645403956,red,
0.978955195643,-0.975964745559,-1.4527686274,red,
0.951109854824,-0.281290852015,-0.00118428344164,red,
0.941469757822,1.71698704481,0.155744340566,red,
0.819050222649,-0.0477180332739,1.04555344605,red,
0.883529470564,-1.61847664518,-1.47906421037,red,
0.952878319358,-0.899437530453,0.0417588769027,red,
0.976863340212,0.564074122695,-1.66547190549,red,
0.921266574324,0.671651672103,1.06853704826,red,
0.876038014243,1.11115941037,1.35147112788,red,
0.92930239935,-0.305929969728,1.52222212656,red,
0.92424600556,-0.541066147402,-0.50137929693,red,
0.980590414756,-1.24752360554,-0.863202609011,red,
0.932399508129,-1.25257558419,0.0112003489238,red,
0.880248712984,1.86504798974,-1.58071990235,red,
0.90631787536,1.45324333874,-0.688547563999,red,
0.922434929147,1.53367442235,-1.44322198786,red,
1.07711176044,1.27471199456,-0.348202183377,red,
0.923837081492,0.844878258604,1.68392533188,red,
0.942778914103,-0.85996132858,0.428271004139,red,
0.865541915257,0.501010680443,0.903194321597,red,
0.914759840286,-0.995868947148,0.938378267054,red,
0.804690132335,0.036815324275,-0.507226464403,red,
1.01771864884,-0.861789525507,0.998665829488,red,
0.992951817301,-1.69216897913,-0.884832331667,red,
0.933247565726,-0.463356554351,0.451114731009,red,
0.964261064546,-0.268107953479,-0.815396184195,red,
0.915221700962,0.327335591379,0.461478868299,red,
0.946125202048,-1.64715707716,-1.04016244876,red,
0.944297654271,-0.502044830221,-1.04858114517,red,
0.896781913577,1.48931988845,-0.498822431921,red,
0.919327201953,-1.39757598204,0.285131917511,red,
1.01934424702,1.69986472022,0.590754203439,red,
1.05283971028,0.507864615175,-0.490122245169,red,
0.887604507081,0.27471081777,0.897758922084,red,
0.900438562949,-1.41225230949,0.848328485012,red,
0.93610507212,-1.11403932396,0.748417038667,red,
0.957627413892,-0.275861282824,0.918926738934,red,
0.918143869894,1.51100085572,-1.95308070214,red,
1.00309832047,1.15805496378,0.360332327774,red,
0.99371528976,1.93984358164,-0.241839626064,red,
1.04345415693,1.77630308234,0.188921857567,red,
0.938104238392,-0.824802075223,0.0591202056756,red,
0.921956844481,-0.0523721575673,1.10199669114,red,
0.931270007331,-0.0107270726001,0.166734125601,red,
1.02239861785,0.669131963679,1.24189065222,red,
0.939437192609,1.60239499645,1.60477818853,red,
0.895077468154,1.58254164448,-0.202077510479,red,
0.934717103062,1.10461371372,-0.0800723195594,red,
0.934893955221,-0.291149864651,-0.356656443032,red,
0.904014193493,0.196591431048,1.97661736594,red,
1.0274947455,1.72398419397,-1.80133523392,red,
0.900729145404,0.059054760342,0.417142868483,red,
0.978962811963,-1.0210929119,-1.9990160027,red,
0.936840440907,-1.07080756327,1.87256966719,red,
0.950231135739,-1.03376028834,-0.644069584365,red,
